timestamp_utc,Open,High,Low,Close,Volume,ticker
2025-10-08 13:30:00,222.94500732421875,223.47999572753906,221.19000244140625,223.18499755859375,9677112,AMZN
2025-10-08 14:30:00,223.1699981689453,224.3699951171875,223.08999633789062,223.97999572753906,5512152,AMZN
2025-10-08 15:30:00,223.97000122070312,225.16000366210938,223.76499938964844,225.02999877929688,4699488,AMZN
2025-10-08 16:30:00,225.02000427246094,225.88999938964844,224.36000061035156,225.87669372558594,4541566,AMZN
2025-10-08 17:30:00,225.86000061035156,226.72999572753906,225.52000427246094,226.61000061035156,4973938,AMZN
2025-10-08 18:30:00,226.6199951171875,226.67999267578125,224.5449981689453,225.39999389648438,6431931,AMZN
2025-10-08 19:30:00,225.39500427246094,225.61990356445312,224.82000732421875,225.1999969482422,5687049,AMZN
2025-10-09 13:30:00,224.9199981689453,225.1199951171875,221.8699951171875,222.32000732421875,10545962,AMZN
2025-10-09 14:30:00,222.3300018310547,223.3800048828125,221.75,223.3800048828125,5319962,AMZN
2025-10-09 15:30:00,223.36000061035156,224.47000122070312,222.99000549316406,224.1300048828125,4458298,AMZN
2025-10-09 16:30:00,224.1300048828125,224.4949951171875,223.4600067138672,223.91000366210938,2930474,AMZN
2025-10-09 17:30:00,223.91000366210938,226.3800048828125,223.80999755859375,226.19000244140625,4853884,AMZN
2025-10-09 18:30:00,226.156005859375,227.08999633789062,226.01010131835938,226.74000549316406,6314228,AMZN
2025-10-09 19:30:00,226.72999572753906,228.2100067138672,226.6118927001953,227.74000549316406,6260678,AMZN
2025-10-10 13:30:00,226.1999969482422,228.25,225.99000549316406,226.5363006591797,9703324,AMZN
2025-10-10 14:30:00,226.55999755859375,227.3800048828125,219.42999267578125,220.27139282226562,12890602,AMZN
2025-10-10 15:30:00,220.24000549316406,221.63999938964844,218.97999572753906,220.16000366210938,12542370,AMZN
2025-10-10 16:30:00,220.1300048828125,220.63999938964844,217.610107421875,219.02000427246094,6764811,AMZN
2025-10-10 17:30:00,219.00999450683594,219.67990112304688,218.5626983642578,218.61000061035156,5011244,AMZN
2025-10-10 18:30:00,218.63999938964844,218.9600067138672,217.61000061035156,217.80299377441406,5638185,AMZN
2025-10-10 19:30:00,217.7899932861328,218.02999877929688,216.14999389648438,216.17999267578125,9161418,AMZN
2025-10-13 13:30:00,217.6999969482422,220.42999267578125,217.0399932861328,220.11000061035156,11916565,AMZN
2025-10-13 14:30:00,220.10000610351562,220.5399932861328,218.69000244140625,220.16000366210938,5313426,AMZN
2025-10-13 15:30:00,220.1697998046875,220.6699981689453,219.89999389648438,220.1699981689453,3478186,AMZN
2025-10-13 16:30:00,220.1699981689453,220.58999633789062,219.86050415039062,220.0500030517578,2850696,AMZN
2025-10-13 17:30:00,220.0500030517578,220.57000732421875,219.69009399414062,220.52499389648438,2655303,AMZN
2025-10-13 18:30:00,220.52499389648438,220.63999938964844,219.8000030517578,220.1199951171875,2489006,AMZN
2025-10-13 19:30:00,220.11000061035156,220.55999755859375,219.94000244140625,220.0,3852204,AMZN
2025-10-14 13:30:00,215.39999389648438,216.60000610351562,212.60000610351562,216.4250030517578,13903268,AMZN
2025-10-14 14:30:00,216.4250030517578,217.06959533691406,215.97999572753906,216.4949951171875,5601692,AMZN
2025-10-14 15:30:00,216.4949951171875,218.49989318847656,216.47000122070312,218.3000030517578,3960722,AMZN
2025-10-14 16:30:00,218.2899932861328,219.32000732421875,218.0399932861328,218.9199981689453,3463725,AMZN
2025-10-14 17:30:00,218.9250030517578,219.05999755859375,216.82000732421875,217.55999755859375,3966278,AMZN
2025-10-14 18:30:00,217.57000732421875,217.73500061035156,216.87339782714844,217.48500061035156,4374080,AMZN
2025-10-14 19:30:00,217.49000549316406,217.52000427246094,215.3699951171875,216.44000244140625,5250080,AMZN
2025-10-15 13:30:00,216.6999969482422,217.7100067138672,215.91009521484375,216.1999969482422,10791942,AMZN
2025-10-15 14:30:00,216.22000122070312,216.74000549316406,215.14999389648438,215.44000244140625,7726538,AMZN
2025-10-15 15:30:00,215.4499969482422,215.6999969482422,214.14999389648438,215.42010498046875,5487150,AMZN
2025-10-15 16:30:00,215.4600067138672,215.5399932861328,212.66000366210938,213.61500549316406,5527751,AMZN
2025-10-15 17:30:00,213.63499450683594,215.0,213.47000122070312,214.8000030517578,3033134,AMZN
2025-10-15 18:30:00,214.7801055908203,215.27499389648438,214.58999633789062,215.18099975585938,3060567,AMZN
2025-10-15 19:30:00,215.18499755859375,215.64999389648438,214.72000122070312,215.6300048828125,3884561,AMZN
2025-10-16 13:30:00,215.6699981689453,218.58999633789062,215.2899932861328,217.5749969482422,9257748,AMZN
2025-10-16 14:30:00,217.5970001220703,218.53500366210938,216.5153045654297,216.75999450683594,3851239,AMZN
2025-10-16 15:30:00,216.75,217.0399932861328,215.4300994873047,215.5,3656254,AMZN
2025-10-16 16:30:00,215.5,215.86000061035156,213.8800048828125,215.52999877929688,5533686,AMZN
2025-10-16 17:30:00,215.50999450683594,215.75999450683594,213.13999938964844,213.17999267578125,4659136,AMZN
2025-10-16 18:30:00,213.1999969482422,214.8699951171875,212.8101043701172,214.07000732421875,5234988,AMZN
2025-10-16 19:30:00,214.10000610351562,215.0,213.63999938964844,214.47000122070312,4346792,AMZN
2025-10-17 13:30:00,213.75,214.61599731445312,212.6199951171875,213.9600067138672,10392685,AMZN
2025-10-17 14:30:00,213.96499633789062,213.96499633789062,211.1199951171875,211.58999633789062,7630123,AMZN
2025-10-17 15:30:00,211.59500122070312,213.24000549316406,211.02999877929688,213.05999755859375,6111493,AMZN
2025-10-17 16:30:00,213.0449981689453,213.28860473632812,212.1199951171875,212.36639404296875,3793387,AMZN
2025-10-17 17:30:00,212.3350067138672,213.7899932861328,212.05499267578125,213.68499755859375,3603787,AMZN
2025-10-17 18:30:00,213.67999267578125,213.76499938964844,212.94000244140625,213.25999450683594,3656818,AMZN
2025-10-17 19:30:00,213.25,213.3800048828125,212.77999877929688,213.0500030517578,4248314,AMZN
2025-10-20 13:30:00,213.8000030517578,215.3699951171875,213.58999633789062,215.3300018310547,8658353,AMZN
2025-10-20 14:30:00,215.33999633789062,215.66000366210938,214.55999755859375,214.64999389648438,4483248,AMZN
2025-10-20 15:30:00,214.65499877929688,215.1909942626953,214.49000549316406,214.8800048828125,2935631,AMZN
2025-10-20 16:30:00,214.8699951171875,216.0500030517578,214.67999267578125,215.7100067138672,2596339,AMZN
2025-10-20 17:30:00,215.6811065673828,216.14999389648438,215.52999877929688,215.72000122070312,2303812,AMZN
2025-10-20 18:30:00,215.72000122070312,216.60800170898438,215.66000366210938,216.35499572753906,3054110,AMZN
2025-10-20 19:30:00,216.36000061035156,216.64999389648438,216.22999572753906,216.47000122070312,3035312,AMZN
2025-10-21 13:30:00,218.40499877929688,222.23989868164062,218.0,221.72000122070312,14973073,AMZN
2025-10-21 14:30:00,221.6999969482422,222.3699951171875,220.77000427246094,221.97000122070312,6236489,AMZN
2025-10-21 15:30:00,221.9600067138672,223.14999389648438,221.52000427246094,222.97500610351562,5438723,AMZN
2025-10-21 16:30:00,222.97000122070312,223.32000732421875,221.15499877929688,221.5449981689453,5352732,AMZN
2025-10-21 17:30:00,221.5449981689453,222.6649932861328,221.52000427246094,222.5843048095703,3617774,AMZN
2025-10-21 18:30:00,222.58999633789062,223.14990234375,222.24009704589844,222.4600067138672,3906114,AMZN
2025-10-21 19:30:00,222.4600067138672,222.49130249023438,221.9499969482422,222.02999877929688,3551617,AMZN
2025-10-22 13:30:00,219.42999267578125,220.0050048828125,217.3300018310547,217.4499969482422,10490922,AMZN
2025-10-22 14:30:00,217.43800354003906,218.9600067138672,216.91000366210938,218.73989868164062,6425894,AMZN
2025-10-22 15:30:00,218.74000549316406,219.75999450683594,218.3800048828125,218.97000122070312,3499390,AMZN
2025-10-22 16:30:00,218.9600067138672,219.05999755859375,217.47999572753906,217.8000030517578,4014663,AMZN
2025-10-22 17:30:00,217.78500366210938,217.80999755859375,216.52000427246094,217.30499267578125,4435868,AMZN
2025-10-22 18:30:00,217.30499267578125,218.3300018310547,217.00999450683594,218.27000427246094,3707985,AMZN
2025-10-22 19:30:00,218.2899932861328,218.3800048828125,217.54100036621094,217.97000122070312,3486824,AMZN
2025-10-23 13:30:00,218.94500732421875,220.80999755859375,218.17999267578125,219.88560485839844,7973740,AMZN
2025-10-23 14:30:00,219.91000366210938,220.64999389648438,219.75,220.27139282226562,3341363,AMZN
2025-10-23 15:30:00,220.26499938964844,220.36000061035156,219.3914031982422,220.07000732421875,2236159,AMZN
2025-10-23 16:30:00,220.05999755859375,220.68380737304688,219.75,219.77499389648438,2049627,AMZN
2025-10-23 17:30:00,219.76010131835938,220.7198028564453,219.6999969482422,220.60000610351562,2077692,AMZN
2025-10-23 18:30:00,220.58999633789062,221.2198028564453,220.25,220.96499633789062,2865120,AMZN
2025-10-23 19:30:00,220.97000122070312,221.3000030517578,220.6699981689453,221.08999633789062,4595149,AMZN
2025-10-24 13:30:00,221.97000122070312,224.63999938964844,221.89999389648438,223.47999572753906,9977748,AMZN
2025-10-24 14:30:00,223.47000122070312,224.07000732421875,222.8704071044922,223.7899932861328,5240667,AMZN
2025-10-24 15:30:00,223.8000030517578,224.83880615234375,223.47000122070312,224.76519775390625,4956732,AMZN
2025-10-24 16:30:00,224.75,225.25999450683594,224.5,224.83999633789062,3541318,AMZN
2025-10-24 17:30:00,224.83999633789062,225.39999389648438,224.63499450683594,224.85000610351562,2893965,AMZN
2025-10-24 18:30:00,224.85499572753906,224.92999267578125,224.0800018310547,224.3350067138672,3037636,AMZN
2025-10-24 19:30:00,224.3300018310547,224.6699981689453,224.08999633789062,224.25999450683594,4094096,AMZN
2025-10-27 13:30:00,227.80999755859375,228.39999389648438,226.52000427246094,227.35279846191406,9051670,AMZN
2025-10-27 14:30:00,227.34500122070312,227.45140075683594,226.61070251464844,226.93350219726562,3629663,AMZN
2025-10-27 15:30:00,226.94000244140625,227.94000244140625,226.83999633789062,227.30999755859375,2823203,AMZN
2025-10-27 16:30:00,227.32000732421875,227.88999938964844,227.1699981689453,227.3800048828125,2630249,AMZN
2025-10-27 17:30:00,227.38999938964844,227.96499633789062,227.3699951171875,227.82000732421875,2268413,AMZN
2025-10-27 18:30:00,227.82000732421875,228.0,225.5399932861328,226.72999572753906,6571248,AMZN
2025-10-27 19:30:00,226.73550415039062,227.52000427246094,226.5500030517578,226.97999572753906,4987011,AMZN
2025-10-28 13:30:00,228.22000122070312,228.5625,226.2100067138672,226.52000427246094,10054295,AMZN
2025-10-28 14:30:00,226.52999877929688,227.8800048828125,226.25,227.5500030517578,4415312,AMZN
2025-10-28 15:30:00,227.5399932861328,229.22999572753906,227.14999389648438,229.11000061035156,6774729,AMZN
2025-10-28 16:30:00,229.11000061035156,230.7899932861328,228.63040161132812,230.69000244140625,6313749,AMZN
2025-10-28 17:30:00,230.69000244140625,231.48500061035156,229.38999938964844,230.05239868164062,6155117,AMZN
2025-10-28 18:30:00,230.05999755859375,230.5299072265625,229.77000427246094,230.368896484375,3526028,AMZN
2025-10-28 19:30:00,230.35499572753906,230.44500732421875,228.57000732421875,229.24000549316406,4917812,AMZN
2025-10-29 13:30:00,231.6719970703125,232.80999755859375,227.75999450683594,229.1300048828125,14210522,AMZN
2025-10-29 14:30:00,229.1199951171875,231.2949981689453,228.86000061035156,230.53500366210938,7059244,AMZN
2025-10-29 15:30:00,230.52999877929688,231.61000061035156,230.33999633789062,231.3679962158203,5603630,AMZN
2025-10-29 16:30:00,231.3800048828125,231.4199981689453,230.02999877929688,230.3721923828125,3093822,AMZN
2025-10-29 17:30:00,230.3699951171875,230.43099975585938,228.58999633789062,229.69000244140625,4626812,AMZN
2025-10-29 18:30:00,229.7220001220703,230.1199951171875,228.1300048828125,228.86000061035156,5801484,AMZN
2025-10-29 19:30:00,228.8300018310547,230.6199951171875,228.32000732421875,230.33999633789062,4490640,AMZN
2025-10-30 13:30:00,226.87249755859375,228.0,223.9499969482422,226.67999267578125,11757958,AMZN
2025-10-30 14:30:00,226.6699981689453,228.42999267578125,226.51010131835938,227.9600067138672,5014252,AMZN
2025-10-30 15:30:00,227.9499969482422,227.97999572753906,225.85000610351562,226.1199951171875,4608564,AMZN
2025-10-30 16:30:00,226.13499450683594,226.36000061035156,224.52000427246094,225.4199981689453,4925889,AMZN
2025-10-30 17:30:00,225.39999389648438,225.93910217285156,224.80499267578125,225.08999633789062,4833980,AMZN
2025-10-30 18:30:00,225.10000610351562,225.44500732421875,223.9499969482422,224.39100646972656,6784964,AMZN
2025-10-30 19:30:00,224.39999389648438,225.0800018310547,222.75,222.8300018310547,8145332,AMZN
2025-10-31 13:30:00,250.1999969482422,250.5,245.39999389648438,246.5500030517578,48342440,AMZN
2025-10-31 14:30:00,246.57000732421875,247.97999572753906,245.1199951171875,247.7899932861328,13559788,AMZN
2025-10-31 15:30:00,247.8000030517578,249.0,244.67010498046875,245.8000030517578,11066498,AMZN
2025-10-31 16:30:00,245.80999755859375,246.6486053466797,244.82009887695312,246.02499389648438,6007713,AMZN
2025-10-31 17:30:00,246.0399932861328,247.7899932861328,245.72999572753906,247.60000610351562,5345680,AMZN
2025-10-31 18:30:00,247.60000610351562,247.94000244140625,246.02000427246094,246.85220336914062,5847955,AMZN
2025-10-31 19:30:00,246.8300018310547,247.5,243.97999572753906,244.22000122070312,23315598,AMZN
2025-11-03 14:30:00,255.63999938964844,258.6000061035156,254.5574951171875,255.33999633789062,26213930,AMZN
2025-11-03 15:30:00,255.33999633789062,256.8599853515625,254.99000549316406,255.4600067138672,8062082,AMZN
2025-11-03 16:30:00,255.4550018310547,256.44000244140625,253.89999389648438,256.01031494140625,5726412,AMZN
2025-11-03 17:30:00,256.0262145996094,257.1700134277344,255.8135986328125,256.510009765625,4362482,AMZN
2025-11-03 18:30:00,256.510009765625,256.5849914550781,254.72000122070312,255.06500244140625,3903743,AMZN
2025-11-03 19:30:00,255.06500244140625,256.0299987792969,254.07000732421875,254.8699951171875,4161677,AMZN
2025-11-03 20:30:00,254.8699951171875,255.27999877929688,252.89999389648438,254.05999755859375,4190135,AMZN
2025-11-04 14:30:00,250.3800048828125,255.44000244140625,249.6501007080078,253.38999938964844,10799520,AMZN
2025-11-04 15:30:00,253.3699951171875,253.56500244140625,251.8800048828125,252.44009399414062,4292114,AMZN
2025-11-04 16:30:00,252.42999267578125,252.53509521484375,250.3300018310547,250.9550018310547,2839567,AMZN
2025-11-04 17:30:00,250.92999267578125,251.25,249.5,249.8699951171875,2541109,AMZN
2025-11-04 18:30:00,249.85000610351562,250.3300018310547,249.3800048828125,249.75,2476098,AMZN
2025-11-04 19:30:00,249.75999450683594,249.80029296875,248.86000061035156,249.42999267578125,2720927,AMZN
2025-11-04 20:30:00,249.42999267578125,250.0800018310547,248.66000366210938,249.42999267578125,17574104,AMZN
2025-11-05 14:30:00,248.80499267578125,249.24000549316406,246.16000366210938,248.60000610351562,6485371,AMZN
2025-11-05 15:30:00,248.58999633789062,249.17999267578125,247.71099853515625,249.10000610351562,2756468,AMZN
2025-11-05 16:30:00,249.08999633789062,249.85000610351562,248.67999267578125,249.80999755859375,2535880,AMZN
2025-11-05 17:30:00,249.8000030517578,251.0,249.4949951171875,249.97000122070312,2539301,AMZN
2025-11-05 18:30:00,249.9600067138672,250.68499755859375,249.10000610351562,249.12060546875,1955108,AMZN
2025-11-05 19:30:00,249.11000061035156,249.52499389648438,248.41000366210938,248.44000244140625,2222542,AMZN
2025-11-05 20:30:00,248.44000244140625,250.85000610351562,248.39089965820312,250.25,3991899,AMZN
2025-11-06 14:30:00,249.22000122070312,250.3800048828125,246.5800018310547,247.1595001220703,7131629,AMZN
2025-11-06 15:30:00,247.1999969482422,247.2899932861328,242.89999389648438,243.66000366210938,4884480,AMZN
2025-11-06 16:30:00,243.64999389648438,244.0749969482422,242.1699981689453,243.94000244140625,3243623,AMZN
2025-11-06 17:30:00,243.9600067138672,244.74000549316406,243.3800048828125,244.11000061035156,2169963,AMZN
2025-11-06 18:30:00,244.10000610351562,245.50999450683594,243.8300018310547,245.40989685058594,2267194,AMZN
2025-11-06 19:30:00,245.40499877929688,245.5399932861328,244.08999633789062,244.1199951171875,2189143,AMZN
2025-11-06 20:30:00,244.1199951171875,244.52499389648438,242.64999389648438,243.0800018310547,4062106,AMZN
2025-11-07 14:30:00,242.89999389648438,243.1699981689453,239.14999389648438,240.9499969482422,8509805,AMZN
2025-11-07 15:30:00,240.97000122070312,241.2100067138672,239.22000122070312,240.00999450683594,3329016,AMZN
2025-11-07 16:30:00,240.0,240.13999938964844,238.49000549316406,239.75999450683594,2366012,AMZN
2025-11-07 17:30:00,239.74000549316406,240.8300018310547,239.3000030517578,240.5500030517578,1973604,AMZN
2025-11-07 18:30:00,240.53500366210938,241.66000366210938,240.2100067138672,241.48989868164062,3858846,AMZN
2025-11-07 19:30:00,241.49000549316406,243.82000732421875,241.49000549316406,243.3699951171875,3687165,AMZN
2025-11-07 20:30:00,243.41000366210938,244.89999389648438,243.3800048828125,244.41000366210938,3082318,AMZN
2025-11-10 14:30:00,248.30999755859375,251.75,247.99000549316406,248.02999877929688,7213922,AMZN
2025-11-10 15:30:00,248.0211944580078,248.08999633789062,245.58999633789062,246.3800048828125,3238084,AMZN
2025-11-10 16:30:00,246.33999633789062,247.44500732421875,246.0,247.10499572753906,2393779,AMZN
2025-11-10 17:30:00,247.10499572753906,248.89999389648438,247.0955047607422,248.6300048828125,1959822,AMZN
2025-11-10 18:30:00,248.6529998779297,248.95640563964844,248.47000122070312,248.7698974609375,1461943,AMZN
2025-11-10 19:30:00,248.7449951171875,248.83999633789062,248.1750030517578,248.27000427246094,1829109,AMZN
2025-11-10 20:30:00,248.25999450683594,249.22999572753906,247.89999389648438,248.39500427246094,2320462,AMZN
2025-11-11 14:30:00,248.44500732421875,249.62989807128906,247.8300018310547,248.46780395507812,3730327,AMZN
2025-11-11 15:30:00,248.4573974609375,248.9600067138672,247.5449981689453,247.5800018310547,2380534,AMZN
2025-11-11 16:30:00,247.60000610351562,248.47999572753906,247.22999572753906,248.26829528808594,1320221,AMZN
2025-11-11 17:30:00,248.2736053466797,249.38999938964844,248.0,249.3260040283203,1560683,AMZN
2025-11-11 18:30:00,249.30999755859375,249.74989318847656,249.1042938232422,249.3699951171875,1357003,AMZN
2025-11-11 19:30:00,249.42999267578125,249.5,248.82000732421875,248.8800048828125,1253534,AMZN
2025-11-11 20:30:00,248.8699951171875,249.47000122070312,248.75,249.13999938964844,1833663,AMZN
2025-11-12 14:30:00,250.18499755859375,250.3699951171875,245.5500030517578,245.9250030517578,5045151,AMZN
2025-11-12 15:30:00,245.9250030517578,246.31500244140625,243.92999267578125,245.3000030517578,3243589,AMZN
2025-11-12 16:30:00,245.27000427246094,245.71499633789062,244.16720581054688,245.1699981689453,1610983,AMZN
2025-11-12 17:30:00,245.16000366210938,246.30499267578125,245.14999389648438,245.44869995117188,1739076,AMZN
2025-11-12 18:30:00,245.4250030517578,245.88999938964844,245.0399932861328,245.08749389648438,1314668,AMZN
2025-11-12 19:30:00,245.07009887695312,245.36990356445312,244.43299865722656,245.16000366210938,1719465,AMZN
2025-11-12 20:30:00,245.13999938964844,245.3300018310547,243.75,244.25,9690051,AMZN
2025-11-13 14:30:00,243.10000610351562,243.72999572753906,240.7259979248047,242.53900146484375,4344807,AMZN
2025-11-13 15:30:00,242.53500366210938,242.53500366210938,238.97000122070312,239.789794921875,3995083,AMZN
2025-11-13 16:30:00,239.72999572753906,240.13999938964844,238.99000549316406,239.84500122070312,3602015,AMZN
2025-11-13 17:30:00,239.80250549316406,239.99000549316406,237.8000030517578,238.07339477539062,3274156,AMZN
2025-11-13 18:30:00,238.11000061035156,239.1999969482422,237.8249969482422,239.0500030517578,2135092,AMZN
2025-11-13 19:30:00,239.0500030517578,239.10000610351562,237.44000244140625,238.3990020751953,2138828,AMZN
2025-11-13 20:30:00,238.38999938964844,238.97000122070312,236.52999877929688,237.5800018310547,3721588,AMZN
2025-11-14 14:30:00,235.1199951171875,236.75,232.88999938964844,236.7100067138672,7334788,AMZN
2025-11-14 15:30:00,236.6699981689453,238.72999572753906,236.39999389648438,238.2899932861328,3717221,AMZN
2025-11-14 16:30:00,238.32000732421875,238.32000732421875,237.22000122070312,237.55999755859375,2052351,AMZN
2025-11-14 17:30:00,237.50999450683594,237.6999969482422,235.77000427246094,236.20640563964844,2249917,AMZN
2025-11-14 18:30:00,236.17999267578125,236.5,235.1999969482422,236.25509643554688,1697135,AMZN
2025-11-14 19:30:00,236.25999450683594,236.2899932861328,234.97999572753906,235.1999969482422,2610702,AMZN
2025-11-14 20:30:00,235.1999969482422,235.27999877929688,234.3300018310547,234.6999969482422,3812255,AMZN
2025-11-17 14:30:00,232.94500732421875,234.60000610351562,229.60000610351562,230.72500610351562,11162624,AMZN
2025-11-17 15:30:00,230.6999969482422,232.5,229.19000244140625,232.4199981689453,6793002,AMZN
2025-11-17 16:30:00,232.4499969482422,233.8249969482422,231.0,233.52000427246094,4128759,AMZN
2025-11-17 17:30:00,233.52439880371094,234.02999877929688,231.86000061035156,232.0,2375447,AMZN
2025-11-17 18:30:00,231.99000549316406,232.77000427246094,230.5399932861328,231.39930725097656,2231460,AMZN
2025-11-17 19:30:00,231.38999938964844,231.69000244140625,230.3800048828125,231.66000366210938,2412376,AMZN
2025-11-17 20:30:00,231.69000244140625,233.02000427246094,231.69000244140625,232.8800048828125,2731171,AMZN
2025-11-18 14:30:00,228.1199951171875,230.1999969482422,222.60000610351562,225.52000427246094,13352762,AMZN
2025-11-18 15:30:00,225.49000549316406,226.60000610351562,223.60000610351562,226.25999450683594,4801911,AMZN
2025-11-18 16:30:00,226.25,226.52000427246094,222.7100067138672,222.8144073486328,4671663,AMZN
2025-11-18 17:30:00,222.8000030517578,224.99000549316406,222.4199981689453,223.64999389648438,4259910,AMZN
2025-11-18 18:30:00,223.64999389648438,225.74459838867188,223.6179962158203,225.1999969482422,3149853,AMZN
2025-11-18 19:30:00,225.22000122070312,226.5,223.86000061035156,224.1699981689453,3730646,AMZN
2025-11-18 20:30:00,224.15499877929688,224.27999877929688,222.47000122070312,222.55499267578125,4512476,AMZN
2025-11-19 14:30:00,223.73500061035156,223.73500061035156,218.52999877929688,220.58999633789062,12848589,AMZN
2025-11-19 15:30:00,220.60000610351562,222.2615966796875,219.72000122070312,222.05979919433594,5078015,AMZN
2025-11-19 16:30:00,222.03500366210938,222.89520263671875,221.02000427246094,221.77999877929688,3604178,AMZN
2025-11-19 17:30:00,221.75,221.7707061767578,219.77769470214844,220.58999633789062,3363749,AMZN
2025-11-19 18:30:00,220.58999633789062,222.0399932861328,220.5,220.6999969482422,2288970,AMZN
2025-11-19 19:30:00,220.67999267578125,223.02000427246094,220.6649932861328,222.67999267578125,2452266,AMZN
2025-11-19 20:30:00,222.6699981689453,223.25,221.7899932861328,222.69000244140625,3319748,AMZN
2025-11-20 14:30:00,227.13999938964844,227.18499755859375,224.75999450683594,226.41000366210938,8016557,AMZN
2025-11-20 15:30:00,226.4158935546875,227.41000366210938,223.23129272460938,223.74000549316406,4194011,AMZN
2025-11-20 16:30:00,223.58999633789062,224.17999267578125,219.3000030517578,219.4600067138672,5394259,AMZN
2025-11-20 17:30:00,219.4600067138672,220.69000244140625,218.22000122070312,219.83389282226562,3824849,AMZN
2025-11-20 18:30:00,219.8249969482422,219.97999572753906,218.1999969482422,219.57000732421875,2860937,AMZN
2025-11-20 19:30:00,219.56500244140625,220.0,218.75010681152344,219.07000732421875,2569420,AMZN
2025-11-20 20:30:00,219.0500030517578,219.27000427246094,216.74000549316406,217.14999389648438,4525545,AMZN
2025-11-21 14:30:00,216.3800048828125,217.91000366210938,215.27000427246094,216.26499938964844,11194304,AMZN
2025-11-21 15:30:00,216.27000427246094,218.61000061035156,215.17999267578125,218.5749969482422,6341071,AMZN
2025-11-21 16:30:00,218.5749969482422,220.72300720214844,216.91000366210938,219.63999938964844,6048938,AMZN
2025-11-21 17:30:00,219.75,220.0850067138672,218.00999450683594,218.7220001220703,3049149,AMZN
2025-11-21 18:30:00,218.7100067138672,222.10000610351562,218.58999633789062,222.0500030517578,3506398,AMZN
2025-11-21 19:30:00,222.07000732421875,222.20199584960938,220.17999267578125,220.18499755859375,3265276,AMZN
2025-11-21 20:30:00,220.13999938964844,221.32000732421875,219.88999938964844,220.66000366210938,4138039,AMZN
2025-11-24 14:30:00,222.5800018310547,226.7899932861328,222.27000427246094,225.8699951171875,8170085,AMZN
2025-11-24 15:30:00,225.8489990234375,226.4149932861328,224.8699951171875,224.94900512695312,3321400,AMZN
2025-11-24 16:30:00,224.92999267578125,225.1199951171875,224.05499267578125,224.6199951171875,2779034,AMZN
2025-11-24 17:30:00,224.61000061035156,225.58999633789062,224.58999633789062,224.97000122070312,2147819,AMZN
2025-11-24 18:30:00,224.9600067138672,226.0399932861328,224.75,225.91000366210938,2461309,AMZN
2025-11-24 19:30:00,225.91000366210938,226.86500549316406,225.47000122070312,226.09930419921875,3160681,AMZN
2025-11-24 20:30:00,226.0850067138672,227.27000427246094,225.32000732421875,226.10000610351562,4093241,AMZN
2025-11-25 14:30:00,226.3800048828125,227.89999389648438,223.8000030517578,226.7100067138672,6943622,AMZN
2025-11-25 15:30:00,226.69000244140625,228.42999267578125,226.35000610351562,227.77000427246094,2886746,AMZN
2025-11-25 16:30:00,227.7899932861328,230.07000732421875,227.5800018310547,229.25,3082617,AMZN
2025-11-25 17:30:00,229.25999450683594,229.89999389648438,229.02999877929688,229.55999755859375,2100070,AMZN
2025-11-25 18:30:00,229.5500946044922,230.52000427246094,229.3699951171875,229.8000030517578,2146344,AMZN
2025-11-25 19:30:00,229.8000030517578,229.9499969482422,228.7899932861328,229.49000549316406,2204594,AMZN
2025-11-25 20:30:00,229.49000549316406,229.99000549316406,229.13900756835938,229.60000610351562,2133973,AMZN
2025-11-26 14:30:00,230.74000549316406,230.80999755859375,228.77000427246094,230.51499938964844,5841042,AMZN
2025-11-26 15:30:00,230.51499938964844,231.30999755859375,230.1199951171875,231.0841064453125,2659243,AMZN
2025-11-26 16:30:00,231.0998992919922,231.74740600585938,230.66000366210938,230.8800048828125,2039562,AMZN
2025-11-26 17:30:00,230.88330078125,230.99000549316406,229.44000244140625,230.7100067138672,2174338,AMZN
2025-11-26 18:30:00,230.72430419921875,230.7449951171875,229.28939819335938,229.56500244140625,2207386,AMZN
2025-11-26 19:30:00,229.57000732421875,229.7899932861328,229.0449981689453,229.42999267578125,2275778,AMZN
2025-11-26 20:30:00,229.4199981689453,229.80999755859375,229.05999755859375,229.1199951171875,2284974,AMZN
2025-11-28 14:30:00,231.34500122070312,232.74000549316406,230.22999572753906,231.47999572753906,4867303,AMZN
2025-11-28 15:30:00,231.47999572753906,232.5449981689453,231.22000122070312,231.94000244140625,2371103,AMZN
2025-11-28 16:30:00,231.93499755859375,232.8800048828125,231.8699951171875,232.10450744628906,2322322,AMZN
2025-12-01 14:30:00,233.21499633789062,235.7969970703125,232.60000610351562,232.8800048828125,7486323,AMZN
2025-12-01 15:30:00,232.8699951171875,234.3614044189453,232.25,233.97000122070312,3030989,AMZN
2025-12-01 16:30:00,233.97000122070312,234.47000122070312,233.88999938964844,234.36500549316406,2172750,AMZN
2025-12-01 17:30:00,234.36000061035156,235.22999572753906,234.16000366210938,234.96009826660156,2276578,AMZN
2025-12-01 18:30:00,234.97999572753906,235.49000549316406,234.0989990234375,234.17999267578125,2549868,AMZN
2025-12-01 19:30:00,234.16000366210938,234.55999755859375,233.52000427246094,234.4781951904297,2132741,AMZN
2025-12-01 20:30:00,234.49000549316406,234.5500030517578,233.3300018310547,233.9499969482422,2877925,AMZN
2025-12-02 14:30:00,234.6300048828125,235.77000427246094,234.0399932861328,234.72000122070312,7353094,AMZN
2025-12-02 15:30:00,234.72000122070312,238.97000122070312,234.2100067138672,234.39010620117188,8194657,AMZN
2025-12-02 16:30:00,234.39999389648438,236.39999389648438,233.5500030517578,236.19000244140625,4089566,AMZN
2025-12-02 17:30:00,236.1999969482422,236.32000732421875,234.66600036621094,235.16000366210938,2161045,AMZN
2025-12-02 18:30:00,235.14999389648438,235.33999633789062,234.5399932861328,234.9821014404297,1748362,AMZN
2025-12-02 19:30:00,234.97999572753906,235.5800018310547,234.75999450683594,235.5,1942265,AMZN
2025-12-02 20:30:00,235.5,235.64999389648438,234.28500366210938,234.3699951171875,2719153,AMZN
2025-12-03 14:30:00,233.35000610351562,233.3800048828125,230.63999938964844,231.39999389648438,7330773,AMZN
2025-12-03 15:30:00,231.3800048828125,233.19000244140625,231.0,232.18069458007812,3572833,AMZN
2025-12-03 16:30:00,232.2100067138672,232.7899932861328,231.84500122070312,232.47000122070312,1757102,AMZN
2025-12-03 17:30:00,232.47000122070312,232.63499450683594,231.89999389648438,231.9600067138672,1609332,AMZN
2025-12-03 18:30:00,231.97999572753906,232.4250030517578,231.8000030517578,231.92489624023438,1532776,AMZN
2025-12-03 19:30:00,231.9199981689453,232.64999389648438,231.72999572753906,232.61000061035156,1899280,AMZN
2025-12-03 20:30:00,232.60000610351562,232.76499938964844,232.27000427246094,232.3699951171875,2574866,AMZN
2025-12-04 14:30:00,232.63999938964844,233.5,228.05999755859375,228.77499389648438,7888562,AMZN
2025-12-04 15:30:00,228.75999450683594,228.87840270996094,226.8000030517578,227.89999389648438,6415080,AMZN
2025-12-04 16:30:00,227.8636016845703,227.9600067138672,227.1300048828125,227.1699981689453,3404612,AMZN
2025-12-04 17:30:00,227.1999969482422,228.3699951171875,227.11000061035156,228.3000030517578,2964488,AMZN
2025-12-04 18:30:00,228.2899932861328,228.9600067138672,227.89500427246094,228.30999755859375,2892836,AMZN
2025-12-04 19:30:00,228.30999755859375,229.4499969482422,228.1750030517578,228.7082061767578,2591626,AMZN
2025-12-04 20:30:00,228.7100067138672,229.25999450683594,228.0,229.10000610351562,2721209,AMZN
2025-12-05 14:30:00,230.3800048828125,231.1699981689453,229.80999755859375,230.9384002685547,4965629,AMZN
2025-12-05 15:30:00,230.94000244140625,231.24000549316406,229.4499969482422,229.6739959716797,2554794,AMZN
2025-12-05 16:30:00,229.64999389648438,229.81500244140625,229.1300048828125,229.38999938964844,1806782,AMZN
2025-12-05 17:30:00,229.38999938964844,229.88999938964844,228.72000122070312,229.83999633789062,1791182,AMZN
2025-12-05 18:30:00,229.8300018310547,229.97000122070312,229.5399932861328,229.6750030517578,1210054,AMZN
2025-12-05 19:30:00,229.6699981689453,229.86000061035156,229.1300048828125,229.25999450683594,1444485,AMZN
2025-12-05 20:30:00,229.25,229.63999938964844,228.5469970703125,229.5500030517578,2699426,AMZN
2025-12-08 14:30:00,229.52000427246094,230.82400512695312,228.51199340820312,229.0399932861328,5237392,AMZN
2025-12-08 15:30:00,229.02999877929688,229.31350708007812,227.5500030517578,228.07000732421875,2886442,AMZN
2025-12-08 16:30:00,228.03900146484375,228.38999938964844,227.24000549316406,227.2799072265625,2070338,AMZN
2025-12-08 17:30:00,227.27000427246094,227.77000427246094,227.02000427246094,227.0500030517578,2032964,AMZN
2025-12-08 18:30:00,227.02000427246094,227.37399291992188,226.6999969482422,227.08999633789062,2086023,AMZN
2025-12-08 19:30:00,227.08999633789062,227.1887969970703,226.71499633789062,226.9741973876953,1794666,AMZN
2025-12-08 20:30:00,226.97999572753906,227.1300048828125,226.27000427246094,226.99000549316406,3015249,AMZN
2025-12-09 14:30:00,226.88999938964844,227.75,225.11000061035156,227.66000366210938,3766539,AMZN
2025-12-09 15:30:00,227.66000366210938,228.57000732421875,227.5,227.83999633789062,2190514,AMZN
2025-12-09 16:30:00,227.83999633789062,228.36000061035156,227.6999969482422,227.99000549316406,1465538,AMZN
2025-12-09 17:30:00,227.99000549316406,228.41000366210938,227.4199981689453,228.30999755859375,1240343,AMZN
2025-12-09 18:30:00,228.30999755859375,228.41000366210938,227.91000366210938,227.97999572753906,1005503,AMZN
2025-12-09 19:30:00,227.97999572753906,228.28370666503906,227.66409301757812,227.9149932861328,1275552,AMZN
2025-12-09 20:30:00,227.91000366210938,228.0800018310547,226.88999938964844,227.89999389648438,1498414,AMZN
2025-12-10 14:30:00,228.58999633789062,232.4199981689453,228.47000122070312,231.73500061035156,7146039,AMZN
2025-12-10 15:30:00,231.73500061035156,232.02000427246094,230.0,231.66000366210938,2842036,AMZN
2025-12-10 16:30:00,231.63999938964844,232.11000061035156,230.64920043945312,230.72000122070312,1702459,AMZN
2025-12-10 17:30:00,230.6999969482422,231.60000610351562,230.19000244140625,230.3350067138672,1515784,AMZN
2025-12-10 18:30:00,230.32000732421875,231.41000366210938,229.83999633789062,230.26499938964844,2879222,AMZN
2025-12-10 19:30:00,230.27999877929688,232.22999572753906,229.8000030517578,231.9199981689453,3311589,AMZN
2025-12-10 20:30:00,231.9149932861328,232.38699340820312,231.55499267578125,231.69000244140625,10520445,AMZN
2025-12-11 14:30:00,230.7100067138672,232.11000061035156,229.4199981689453,230.8800048828125,4677750,AMZN
2025-12-11 15:30:00,230.86000061035156,231.0399932861328,228.69009399414062,228.85000610351562,2150176,AMZN
2025-12-11 16:30:00,228.88999938964844,230.27999877929688,228.77999877929688,230.08250427246094,1738077,AMZN
2025-12-11 17:30:00,230.08999633789062,230.3990020751953,229.24000549316406,229.47999572753906,1695827,AMZN
2025-12-11 18:30:00,229.47999572753906,230.07940673828125,229.33999633789062,229.8441925048828,1454306,AMZN
2025-12-11 19:30:00,229.85000610351562,230.10000610351562,229.50999450683594,229.6925048828125,1703233,AMZN
2025-12-11 20:30:00,229.7100067138672,230.3000030517578,229.30999755859375,230.27000427246094,2253506,AMZN
2025-12-12 14:30:00,230.02000427246094,230.0800018310547,226.35000610351562,226.3800048828125,6052796,AMZN
2025-12-12 15:30:00,226.36000061035156,227.61000061035156,225.3000030517578,226.02000427246094,3720416,AMZN
2025-12-12 16:30:00,226.0,226.6999969482422,225.1199951171875,226.3300018310547,2582048,AMZN
2025-12-12 17:30:00,226.32000732421875,227.13980102539062,226.14999389648438,226.99000549316406,1740300,AMZN
2025-12-12 18:30:00,226.99000549316406,227.375,226.66000366210938,226.85000610351562,1616710,AMZN
2025-12-12 19:30:00,226.8699951171875,227.16000366210938,226.60000610351562,226.71200561523438,1797710,AMZN
2025-12-12 20:30:00,226.72000122070312,226.7550048828125,225.77830505371094,226.19000244140625,2808944,AMZN
2025-12-15 14:30:00,226.7949981689453,227.10000610351562,222.88999938964844,223.02999877929688,6475168,AMZN
2025-12-15 15:30:00,223.0399932861328,224.38999938964844,222.98890686035156,224.38999938964844,2713407,AMZN
2025-12-15 16:30:00,224.44000244140625,224.5,222.52000427246094,222.5449981689453,2914110,AMZN
2025-12-15 17:30:00,222.5449981689453,223.0800018310547,222.10000610351562,222.375,2010556,AMZN
2025-12-15 18:30:00,222.3800048828125,223.43499755859375,222.17999267578125,223.22259521484375,2315546,AMZN
2025-12-15 19:30:00,223.22999572753906,223.41000366210938,222.5200958251953,222.6649932861328,2085163,AMZN
2025-12-15 20:30:00,222.69000244140625,222.7465057373047,221.8800048828125,222.5500030517578,4197984,AMZN
2025-12-16 14:30:00,223.13999938964844,223.66000366210938,221.9008026123047,222.36500549316406,5748837,AMZN
2025-12-16 15:30:00,222.2899932861328,223.47999572753906,222.27999877929688,222.75,2580322,AMZN
2025-12-16 16:30:00,222.75999450683594,223.2615966796875,222.22000122070312,222.30999755859375,1865344,AMZN
2025-12-16 17:30:00,222.3000030517578,222.63999938964844,221.13040161132812,221.47579956054688,2033135,AMZN
2025-12-16 18:30:00,221.49000549316406,222.6466064453125,221.49000549316406,222.08999633789062,1940959,AMZN
2025-12-16 19:30:00,222.07000732421875,222.84010314941406,222.00999450683594,222.64920043945312,2057955,AMZN
2025-12-16 20:30:00,222.64999389648438,223.3000030517578,222.49000549316406,222.52999877929688,2264588,AMZN
2025-12-17 14:30:00,224.55999755859375,225.19000244140625,222.83999633789062,224.77870178222656,5529359,AMZN
2025-12-17 15:30:00,224.77000427246094,224.92030334472656,222.97000122070312,224.13999938964844,3245797,AMZN
2025-12-17 16:30:00,224.10000610351562,224.1894989013672,222.96499633789062,223.64500427246094,2182029,AMZN
2025-12-17 17:30:00,223.65469360351562,224.5500030517578,223.4199981689453,223.7899932861328,1658073,AMZN
2025-12-17 18:30:00,223.75,223.75999450683594,222.57000732421875,222.9149932861328,2143325,AMZN
2025-12-17 19:30:00,222.89999389648438,223.08999633789062,221.92999267578125,222.02000427246094,2037558,AMZN
2025-12-17 20:30:00,222.02999877929688,222.22000122070312,221.19000244140625,221.24099731445312,2997698,AMZN
2025-12-18 14:30:00,225.7050018310547,227.8300018310547,224.41000366210938,227.58270263671875,6812858,AMZN
2025-12-18 15:30:00,227.55999755859375,229.22500610351562,227.41000366210938,228.32000732421875,4203285,AMZN
2025-12-18 16:30:00,228.3000030517578,228.77999877929688,225.4114990234375,225.80349731445312,2669520,AMZN
2025-12-18 17:30:00,225.82000732421875,227.19500732421875,225.57009887695312,227.0449981689453,1730314,AMZN
2025-12-18 18:30:00,227.08999633789062,227.44500732421875,226.27000427246094,226.58999633789062,2345686,AMZN
2025-12-18 19:30:00,226.59500122070312,226.77999877929688,225.75,226.76499938964844,1798095,AMZN
2025-12-18 20:30:00,226.77000427246094,227.30999755859375,226.66000366210938,226.75999450683594,2211519,AMZN
2025-12-19 14:30:00,226.7519989013672,227.6999053955078,225.5814971923828,226.86000061035156,15668410,AMZN
2025-12-19 15:30:00,226.8699951171875,227.97999572753906,226.55059814453125,227.85679626464844,2770667,AMZN
2025-12-19 16:30:00,227.8614959716797,228.75,227.7100067138672,228.41000366210938,2745439,AMZN
2025-12-19 17:30:00,228.41000366210938,229.1199951171875,228.25,228.66900634765625,2014663,AMZN
2025-12-19 18:30:00,228.6708984375,228.92999267578125,228.47999572753906,228.75990295410156,2204226,AMZN
2025-12-19 19:30:00,228.75,228.99000549316406,228.0800018310547,228.64999389648438,1970169,AMZN
2025-12-19 20:30:00,228.64999389648438,229.125,226.72999572753906,227.3699951171875,4780006,AMZN
2025-12-22 14:30:00,228.52000427246094,228.52000427246094,226.9499969482422,227.82000732421875,5420237,AMZN
2025-12-22 15:30:00,227.8300018310547,227.89999389648438,226.71499633789062,227.52999877929688,2931769,AMZN
2025-12-22 16:30:00,227.52999877929688,228.25990295410156,227.3300018310547,228.01499938964844,2184784,AMZN
2025-12-22 17:30:00,228.02999877929688,228.25999450683594,227.67999267578125,228.0,1425726,AMZN
2025-12-22 18:30:00,227.9600067138672,228.5500030517578,227.94000244140625,228.39500427246094,1416247,AMZN
2025-12-22 19:30:00,228.39500427246094,228.8975067138672,228.22500610351562,228.83999633789062,1652885,AMZN
2025-12-22 20:30:00,228.83999633789062,229.47999572753906,228.32000732421875,228.44000244140625,2861548,AMZN
2025-12-23 14:30:00,230.08999633789062,232.16000366210938,229.6699981689453,230.11849975585938,6784389,AMZN
2025-12-23 15:30:00,230.1199951171875,231.1699981689453,229.97999572753906,230.4600067138672,2389710,AMZN
2025-12-23 16:30:00,230.460205078125,231.6999969482422,230.460205078125,231.38999938964844,1907572,AMZN
2025-12-23 17:30:00,231.33999633789062,231.8300018310547,231.11000061035156,231.53799438476562,1391950,AMZN
2025-12-23 18:30:00,231.53500366210938,232.13999938964844,231.47999572753906,232.0,1349927,AMZN
2025-12-23 19:30:00,232.0,232.44500732421875,231.74000549316406,232.2100067138672,1825561,AMZN
2025-12-23 20:30:00,232.2100067138672,232.27999877929688,231.9199981689453,232.1199951171875,8218043,AMZN
2025-12-24 14:30:00,232.0,232.4199981689453,231.3300018310547,232.10000610351562,2816480,AMZN
2025-12-24 15:30:00,232.09500122070312,232.7100067138672,231.94000244140625,232.5399932861328,1730779,AMZN
2025-12-24 16:30:00,232.5399932861328,232.9499969482422,232.47999572753906,232.80999755859375,1280151,AMZN
2025-12-26 14:30:00,231.42999267578125,232.818603515625,231.17999267578125,232.14990234375,2808135,AMZN
2025-12-26 15:30:00,232.14999389648438,232.6699981689453,231.99000549316406,232.53500366210938,1133230,AMZN
2025-12-26 16:30:00,232.5449981689453,232.99000549316406,232.22000122070312,232.95840454101562,923707,AMZN
2025-12-26 17:30:00,232.93499755859375,232.9499969482422,232.3800048828125,232.46580505371094,1021968,AMZN
2025-12-26 18:30:00,232.46499633789062,232.8280029296875,232.38999938964844,232.74000549316406,796947,AMZN
2025-12-26 19:30:00,232.74000549316406,232.91769409179688,232.70159912109375,232.7949981689453,855546,AMZN
2025-12-26 20:30:00,232.8000030517578,232.88499450683594,232.42999267578125,232.5,1506664,AMZN
2025-12-29 14:30:00,231.94000244140625,232.60000610351562,230.77000427246094,232.25,3378921,AMZN
2025-12-29 15:30:00,232.24000549316406,232.3699951171875,231.2899932861328,231.52239990234375,1551364,AMZN
2025-12-29 16:30:00,231.5,231.5800018310547,231.0399932861328,231.1300048828125,1210353,AMZN
2025-12-29 17:30:00,231.14999389648438,231.83999633789062,231.0800018310547,231.50999450683594,1062191,AMZN
2025-12-29 18:30:00,231.50999450683594,231.77920532226562,231.11000061035156,231.32000732421875,1277102,AMZN
2025-12-29 19:30:00,231.3249969482422,232.4499969482422,231.30999755859375,232.10000610351562,1755351,AMZN
2025-12-29 20:30:00,232.08999633789062,232.38999938964844,231.89999389648438,232.0800018310547,1417358,AMZN
2025-12-30 14:30:00,230.25,232.35000610351562,230.1999969482422,231.30499267578125,3431235,AMZN
2025-12-30 15:30:00,231.30999755859375,232.0500030517578,230.91000366210938,231.86000061035156,1587907,AMZN
2025-12-30 16:30:00,231.85000610351562,231.9600067138672,231.10000610351562,231.2949981689453,1194488,AMZN
2025-12-30 17:30:00,231.27999877929688,231.45899963378906,231.05960083007812,231.19569396972656,1106057,AMZN
2025-12-30 18:30:00,231.17999267578125,231.86000061035156,231.08009338378906,231.6999053955078,1537866,AMZN
2025-12-30 19:30:00,231.6999969482422,231.8000030517578,231.22999572753906,231.74000549316406,1443287,AMZN
2025-12-30 20:30:00,231.75,232.77000427246094,231.75,232.48989868164062,2410712,AMZN
2025-12-31 14:30:00,232.25,232.58999633789062,231.72999572753906,231.85879516601562,2874288,AMZN
2025-12-31 15:30:00,231.8300018310547,231.8800048828125,230.72900390625,231.2100067138672,2011014,AMZN
2025-12-31 16:30:00,231.22000122070312,231.5316925048828,230.9600067138672,231.36000061035156,1138375,AMZN
2025-12-31 17:30:00,231.35989379882812,231.64999389648438,231.3177032470703,231.63999938964844,1172815,AMZN
2025-12-31 18:30:00,231.6501007080078,232.2100067138672,231.6199951171875,231.8800048828125,1435599,AMZN
2025-12-31 19:30:00,231.88999938964844,232.05470275878906,230.67999267578125,230.77999877929688,1733844,AMZN
2025-12-31 20:30:00,230.7899932861328,231.23980712890625,230.6999969482422,230.83999633789062,1767594,AMZN
2026-01-02 14:30:00,231.0,235.45799255371094,226.86000061035156,227.52499389648438,11034224,AMZN
2026-01-02 15:30:00,227.50999450683594,228.7100067138672,224.82000732421875,225.88999938964844,6371169,AMZN
2026-01-02 16:30:00,225.8699951171875,226.8800048828125,225.3699951171875,226.7064971923828,3569286,AMZN
2026-01-02 17:30:00,226.69000244140625,226.85000610351562,225.50999450683594,225.6199951171875,2420060,AMZN
2026-01-02 18:30:00,225.61000061035156,226.58999633789062,224.6999969482422,226.4499969482422,2569676,AMZN
2026-01-02 19:30:00,226.4499969482422,226.77000427246094,226.17999267578125,226.47999572753906,2381765,AMZN
2026-01-02 20:30:00,226.47999572753906,226.73680114746094,226.0,226.5,2811675,AMZN
2026-01-05 14:30:00,228.74000549316406,233.55999755859375,227.17999267578125,233.22000122070312,10836743,AMZN
2026-01-05 15:30:00,233.22250366210938,233.39999389648438,231.35000610351562,232.25,4068426,AMZN
2026-01-05 16:30:00,232.25010681152344,233.85000610351562,232.11000061035156,233.19000244140625,3497782,AMZN
2026-01-05 17:30:00,233.16000366210938,234.0,232.4499969482422,232.61000061035156,2572190,AMZN
2026-01-05 18:30:00,232.6300048828125,233.4499969482422,232.41000366210938,232.8450927734375,2120433,AMZN
2026-01-05 19:30:00,232.80999755859375,233.11000061035156,232.37669372558594,232.64999389648438,1964635,AMZN
2026-01-05 20:30:00,232.63999938964844,233.1750030517578,232.27999877929688,233.0500030517578,2917600,AMZN
2026-01-06 14:30:00,232.1999969482422,237.42999267578125,232.14059448242188,237.3300018310547,6832898,AMZN
2026-01-06 15:30:00,237.3000030517578,238.86000061035156,237.10000610351562,238.6699981689453,4928733,AMZN
2026-01-06 16:30:00,238.68850708007812,242.65989685058594,237.7100067138672,242.2301025390625,5463728,AMZN
2026-01-06 17:30:00,242.2550048828125,242.9199981689453,241.47999572753906,241.69000244140625,5270629,AMZN
2026-01-06 18:30:00,242.1199951171875,242.60000610351562,240.8874969482422,241.1750030517578,3121986,AMZN
2026-01-06 19:30:00,240.52999877929688,241.82000732421875,240.5,240.86000061035156,3238245,AMZN
2026-01-06 20:30:00,240.85000610351562,241.72999572753906,240.66000366210938,241.05499267578125,2257972,AMZN
2026-01-07 14:30:00,239.61000061035156,243.9199981689453,239.52000427246094,242.42999267578125,8417436,AMZN
2026-01-07 15:30:00,242.42999267578125,244.7949981689453,242.41000366210938,243.49000549316406,3694392,AMZN
2026-01-07 16:30:00,243.52000427246094,244.72999572753906,242.97579956054688,244.41799926757812,3020417,AMZN
2026-01-07 17:30:00,244.42999267578125,245.2899932861328,244.0800018310547,244.89999389648438,3171993,AMZN
2026-01-07 18:30:00,244.89999389648438,245.25,242.77999877929688,243.25,2751113,AMZN
2026-01-07 19:30:00,243.25999450683594,243.7698974609375,241.9199981689453,242.55999755859375,2725053,AMZN
2026-01-07 20:30:00,242.57000732421875,242.66000366210938,241.5207977294922,241.55999755859375,2685812,AMZN
2026-01-08 14:30:00,243.05999755859375,245.10000610351562,241.8800048828125,244.84010314941406,6866918,AMZN
2026-01-08 15:30:00,244.84710693359375,245.25999450683594,243.74000549316406,244.47999572753906,2588098,AMZN
2026-01-08 16:30:00,244.46499633789062,245.639892578125,244.0749969482422,245.3679962158203,3024695,AMZN
2026-01-08 17:30:00,245.35000610351562,246.3000030517578,245.33099365234375,245.67250061035156,3057590,AMZN
2026-01-08 18:30:00,245.69000244140625,246.25,245.43919372558594,245.8000030517578,2314322,AMZN
2026-01-08 19:30:00,245.7899932861328,246.10000610351562,245.35989379882812,245.80999755859375,2155654,AMZN
2026-01-08 20:30:00,245.80999755859375,246.41000366210938,245.3699951171875,246.25900268554688,3376554,AMZN
2026-01-09 14:30:00,245.0,245.72999572753906,242.25,245.66000366210938,6359406,AMZN
2026-01-09 15:30:00,245.67999267578125,246.9199981689453,244.90499877929688,246.33250427246094,2975138,AMZN
2026-01-09 16:30:00,246.32000732421875,246.47999572753906,245.41000366210938,245.9250030517578,1866918,AMZN
2026-01-09 17:30:00,245.89999389648438,246.02999877929688,245.41000366210938,245.75,1429269,AMZN
2026-01-09 18:30:00,245.74000549316406,246.80999755859375,245.74000549316406,246.63009643554688,1538268,AMZN
2026-01-09 19:30:00,246.64999389648438,247.27000427246094,246.64010620117188,247.0,2171384,AMZN
2026-01-09 20:30:00,246.99000549316406,247.86000061035156,246.85000610351562,247.35000610351562,2716803,AMZN
2026-01-12 14:30:00,246.8000030517578,248.47999572753906,246.24000549316406,247.6699981689453,6074745,AMZN
2026-01-12 15:30:00,247.64999389648438,248.23280334472656,247.03819274902344,247.64759826660156,2280502,AMZN
2026-01-12 16:30:00,247.64210510253906,248.44500732421875,247.52999877929688,248.0998992919922,1937328,AMZN
2026-01-12 17:30:00,248.08999633789062,248.27999877929688,247.77000427246094,248.08999633789062,1541988,AMZN
2026-01-12 18:30:00,248.08999633789062,248.19500732421875,247.36000061035156,248.0050048828125,1876944,AMZN
2026-01-12 19:30:00,248.0,248.94000244140625,246.73629760742188,247.0500030517578,2652117,AMZN
2026-01-12 20:30:00,247.00999450683594,247.3000030517578,245.9600067138672,246.4199981689453,11489227,AMZN
2026-01-13 14:30:00,246.72999572753906,247.66000366210938,242.72000122070312,243.5491943359375,6430474,AMZN
2026-01-13 15:30:00,243.5449981689453,245.02999877929688,243.19000244140625,244.15499877929688,3478362,AMZN
2026-01-13 16:30:00,244.14999389648438,245.52999877929688,243.81500244140625,244.35499572753906,2310896,AMZN
2026-01-13 17:30:00,244.33999633789062,244.42999267578125,242.63999938964844,242.71499633789062,2326729,AMZN
2026-01-13 18:30:00,242.7050018310547,242.77999877929688,240.25,241.3000030517578,3579986,AMZN
2026-01-13 19:30:00,241.27000427246094,242.5,240.72999572753906,242.1199951171875,2966356,AMZN
2026-01-13 20:30:00,242.11000061035156,242.89999389648438,241.4499969482422,242.61000061035156,2301852,AMZN
2026-01-14 14:30:00,240.49000549316406,240.8498992919922,237.6699981689453,238.8300018310547,6756780,AMZN
2026-01-14 15:30:00,238.80999755859375,239.33740234375,237.2100067138672,238.5800018310547,3510306,AMZN
2026-01-14 16:30:00,238.55999755859375,238.74000549316406,236.36000061035156,237.49000549316406,2920158,AMZN
2026-01-14 17:30:00,237.49000549316406,237.49000549316406,236.60000610351562,237.07000732421875,1911511,AMZN
2026-01-14 18:30:00,237.05999755859375,237.8800048828125,236.22000122070312,237.57000732421875,1936095,AMZN
2026-01-14 19:30:00,237.57000732421875,238.0800018310547,236.64010620117188,237.41000366210938,2569512,AMZN
2026-01-14 20:30:00,237.4199981689453,237.7899932861328,236.24000549316406,236.6750030517578,3809421,AMZN
2026-01-15 14:30:00,238.42999267578125,238.77000427246094,236.6300048828125,237.75,7377564,AMZN
2026-01-15 15:30:00,237.75,239.91000366210938,237.32000732421875,238.97999572753906,4093144,AMZN
2026-01-15 16:30:00,238.94000244140625,240.64999389648438,238.6199951171875,239.49000549316406,3085577,AMZN
2026-01-15 17:30:00,239.49000549316406,239.60800170898438,238.23829650878906,238.71499633789062,2388430,AMZN
2026-01-15 18:30:00,238.7100067138672,239.38999938964844,237.82000732421875,237.85499572753906,1958063,AMZN
2026-01-15 19:30:00,237.85000610351562,237.99400329589844,236.99000549316406,237.48269653320312,2871667,AMZN
2026-01-15 20:30:00,237.46499633789062,238.3350067138672,237.0,238.1699981689453,2540196,AMZN
2026-01-16 14:30:00,239.38499450683594,239.57000732421875,237.10000610351562,237.9199981689453,8735114,AMZN
2026-01-16 15:30:00,237.89999389648438,238.0399932861328,236.41000366210938,237.8175048828125,3696222,AMZN
2026-01-16 16:30:00,237.80999755859375,238.3300018310547,237.32839965820312,237.67919921875,2006703,AMZN
2026-01-16 17:30:00,237.67999267578125,239.02999877929688,237.52000427246094,238.80499267578125,1691113,AMZN
2026-01-16 18:30:00,238.8000030517578,238.91000366210938,237.4199981689453,237.64999389648438,1534493,AMZN
2026-01-16 19:30:00,237.63999938964844,238.39999389648438,237.63999938964844,238.22500610351562,1778073,AMZN
2026-01-16 20:30:00,238.22000122070312,239.38999938964844,238.0,239.05999755859375,2413421,AMZN
2026-01-20 14:30:00,233.6649932861328,234.95199584960938,231.55999755859375,234.80690002441406,8569374,AMZN
2026-01-20 15:30:00,234.75999450683594,235.08999633789062,233.6300048828125,234.2899932861328,2923442,AMZN
2026-01-20 16:30:00,234.2899932861328,234.61810302734375,233.3000030517578,233.4600067138672,2117288,AMZN
2026-01-20 17:30:00,233.4199981689453,233.5800018310547,231.5500030517578,231.77499389648438,2236044,AMZN
2026-01-20 18:30:00,231.75999450683594,231.91000366210938,229.7899932861328,229.97999572753906,2962770,AMZN
2026-01-20 19:30:00,229.97000122070312,230.93499755859375,229.33999633789062,230.6197052001953,3624253,AMZN
2026-01-20 20:30:00,230.63999938964844,231.1199951171875,230.2100067138672,231.11000061035156,3184001,AMZN
2026-01-21 14:30:00,231.0850067138672,231.9799041748047,228.67999267578125,231.25999450683594,6386021,AMZN
2026-01-21 15:30:00,231.27000427246094,232.08999633789062,230.9600067138672,231.30499267578125,3190506,AMZN
2026-01-21 16:30:00,231.2899932861328,231.3000030517578,227.30999755859375,228.44000244140625,3759624,AMZN
2026-01-21 17:30:00,228.44000244140625,228.4499969482422,226.8800048828125,227.57000732421875,2436982,AMZN
2026-01-21 18:30:00,227.5399932861328,229.75999450683594,227.27000427246094,229.42999267578125,2482096,AMZN
2026-01-21 19:30:00,229.47999572753906,232.3000030517578,229.39999389648438,230.5399932861328,4620057,AMZN
2026-01-21 20:30:00,230.55999755859375,231.75,230.1999969482422,231.35000610351562,2916202,AMZN
2026-01-22 14:30:00,234.05999755859375,234.39999389648438,230.89999389648438,232.75,6635413,AMZN
2026-01-22 15:30:00,232.75999450683594,235.2216033935547,232.5850067138672,234.77999877929688,3510187,AMZN
2026-01-22 16:30:00,234.8000030517578,235.3800048828125,234.38999938964844,235.02740478515625,1786751,AMZN
2026-01-22 17:30:00,235.0399932861328,235.72000122070312,234.94000244140625,235.22000122070312,1494364,AMZN
2026-01-22 18:30:00,235.22000122070312,235.25,234.77000427246094,235.02000427246094,1272026,AMZN
2026-01-22 19:30:00,235.00999450683594,235.0399932861328,233.97000122070312,233.97000122070312,1849426,AMZN
2026-01-22 20:30:00,233.9600067138672,234.36990356445312,233.63999938964844,234.2899932861328,1729380,AMZN
2026-01-23 14:30:00,234.72000122070312,238.17999267578125,234.57000732421875,238.0,5933996,AMZN
2026-01-23 15:30:00,237.97999572753906,240.4499969482422,237.39010620117188,239.15499877929688,3985536,AMZN
2026-01-23 16:30:00,239.10499572753906,240.3300018310547,238.88999938964844,239.86500549316406,2359271,AMZN
2026-01-23 17:30:00,239.87989807128906,239.99000549316406,238.82249450683594,239.40609741210938,1892962,AMZN
2026-01-23 18:30:00,239.42999267578125,239.9149932861328,238.91000366210938,239.4499969482422,1431257,AMZN
2026-01-23 19:30:00,239.4499969482422,239.99000549316406,239.00999450683594,239.27000427246094,1759010,AMZN
2026-01-23 20:30:00,239.27999877929688,239.44500732421875,238.57000732421875,239.19000244140625,2372509,AMZN
2026-01-26 14:30:00,239.97999572753906,240.89999389648438,237.5399932861328,238.96499633789062,5445505,AMZN
2026-01-26 15:30:00,238.94000244140625,240.0,238.9199981689453,239.84249877929688,2694004,AMZN
2026-01-26 16:30:00,239.85499572753906,240.1300048828125,239.35009765625,239.6300048828125,1924507,AMZN
2026-01-26 17:30:00,239.60000610351562,239.6300048828125,238.86000061035156,239.0800018310547,1588783,AMZN
2026-01-26 18:30:00,239.0800018310547,239.55799865722656,238.86000061035156,239.44000244140625,1514415,AMZN
2026-01-26 19:30:00,239.44000244140625,239.89999389648438,238.9199981689453,239.24000549316406,1755608,AMZN
2026-01-26 20:30:00,239.1999969482422,239.5800018310547,238.18499755859375,238.4199981689453,2595906,AMZN
2026-01-27 14:30:00,239.6750030517578,242.2899932861328,238.0800018310547,242.0399932861328,6404779,AMZN
2026-01-27 15:30:00,242.02999877929688,242.92990112304688,240.82000732421875,241.77000427246094,3514760,AMZN
2026-01-27 16:30:00,241.75999450683594,242.89999389648438,241.75,242.35000610351562,2570146,AMZN
2026-01-27 17:30:00,242.33999633789062,243.1591033935547,241.7100067138672,243.0800018310547,1944527,AMZN
2026-01-27 18:30:00,243.08999633789062,243.9600067138672,242.98260498046875,243.8249969482422,3206230,AMZN
2026-01-27 19:30:00,243.83999633789062,244.8800048828125,243.67999267578125,244.02999877929688,3225698,AMZN
2026-01-27 20:30:00,244.0399932861328,244.85000610351562,243.82000732421875,244.6699981689453,12753981,AMZN
2026-01-28 14:30:00,246.3000030517578,247.77499389648438,244.72999572753906,244.89999389648438,6809298,AMZN
2026-01-28 15:30:00,244.89999389648438,245.08990478515625,242.5800018310547,243.0800018310547,3867330,AMZN
2026-01-28 16:30:00,243.05999755859375,243.05999755859375,241.52999877929688,242.4425048828125,3070921,AMZN
2026-01-28 17:30:00,242.42999267578125,243.39999389648438,242.1699981689453,242.94000244140625,2111097,AMZN
2026-01-28 18:30:00,242.94000244140625,243.2904052734375,242.2100067138672,242.27000427246094,2128176,AMZN
2026-01-28 19:30:00,242.24000549316406,243.64999389648438,242.0500030517578,243.08990478515625,2758510,AMZN
2026-01-28 20:30:00,243.10000610351562,243.75999450683594,242.88999938964844,243.02000427246094,11365088,AMZN
2026-01-29 14:30:00,242.9550018310547,243.0,237.61500549316406,238.78500366210938,10183341,AMZN
2026-01-29 15:30:00,238.77000427246094,238.8800048828125,236.74200439453125,238.0,4826906,AMZN
2026-01-29 16:30:00,237.97000122070312,240.0399932861328,237.77059936523438,239.97999572753906,2547498,AMZN
2026-01-29 17:30:00,239.97000122070312,240.57000732421875,238.27000427246094,239.57260131835938,2204413,AMZN
2026-01-29 18:30:00,239.5800018310547,240.22999572753906,238.9333038330078,239.51980590820312,2133171,AMZN
2026-01-29 19:30:00,239.50999450683594,240.1898956298828,238.89999389648438,239.97999572753906,2228594,AMZN
2026-01-29 20:30:00,239.99000549316406,241.9600067138672,239.1699981689453,241.67999267578125,4401459,AMZN
2026-01-30 14:30:00,239.8800048828125,243.31500244140625,238.57000732421875,242.30999755859375,6130228,AMZN
2026-01-30 15:30:00,242.3000030517578,242.41000366210938,241.7100067138672,241.8000030517578,246715,AMZN
2026-02-02 18:30:00,243.47999572753906,244.0500030517578,243.4499969482422,243.52999877929688,10135803,AMZN
2026-02-02 19:30:00,243.52999877929688,243.9600067138672,242.69500732421875,242.9582061767578,2475474,AMZN
2026-02-02 20:30:00,242.9499969482422,243.3800048828125,242.55999755859375,242.9600067138672,2671799,AMZN
2026-02-03 14:30:00,245.07000732421875,246.35000610351562,237.7100067138672,239.21499633789062,9718761,AMZN
2026-02-03 15:30:00,239.19000244140625,239.64999389648438,236.97999572753906,237.5800018310547,4987668,AMZN
2026-02-03 16:30:00,237.58999633789062,237.89999389648438,236.36000061035156,237.3000030517578,3048779,AMZN
2026-02-03 17:30:00,237.27999877929688,238.23989868164062,236.3000030517578,236.92990112304688,3112998,AMZN
2026-02-03 18:30:00,236.89280700683594,237.11000061035156,235.4499969482422,236.1699981689453,2830358,AMZN
2026-02-03 19:30:00,236.1699981689453,237.74000549316406,235.89999389648438,237.3800048828125,2799861,AMZN
2026-02-03 20:30:00,237.3800048828125,238.8300018310547,237.3800048828125,238.63299560546875,3009409,AMZN
2026-02-04 14:30:00,238.6999969482422,238.77000427246094,234.3699951171875,237.4949951171875,7605192,AMZN
2026-02-04 15:30:00,237.4600067138672,238.27000427246094,236.05999755859375,236.9499969482422,3556822,AMZN
2026-02-04 16:30:00,236.9499969482422,237.08999633789062,233.3000946044922,233.42019653320312,3698706,AMZN
2026-02-04 17:30:00,233.39999389648438,233.82000732421875,231.97000122070312,233.7449951171875,4215645,AMZN
2026-02-04 18:30:00,233.72950744628906,233.74000549316406,231.8300018310547,232.60000610351562,3549659,AMZN
2026-02-04 19:30:00,232.60000610351562,234.89999389648438,232.57000732421875,233.8000030517578,3399915,AMZN
2026-02-04 20:30:00,233.80999755859375,234.74000549316406,232.41000366210938,232.92999267578125,3434833,AMZN
2026-02-05 14:30:00,224.99000549316406,226.3000030517578,220.38999938964844,222.27000427246094,16748667,AMZN
2026-02-05 15:30:00,222.27000427246094,223.97000122070312,221.6699981689453,223.69000244140625,5578359,AMZN
2026-02-05 16:30:00,223.72999572753906,225.11000061035156,223.39999389648438,224.7050018310547,4798546,AMZN
2026-02-05 17:30:00,224.74000549316406,225.5500030517578,223.0,223.3905029296875,4587284,AMZN
2026-02-05 18:30:00,223.39999389648438,224.50999450683594,222.77999877929688,223.1699981689453,3955104,AMZN
2026-02-05 19:30:00,223.16000366210938,223.5800018310547,221.99000549316406,223.1699981689453,5658832,AMZN
2026-02-05 20:30:00,223.0399932861328,223.38099670410156,221.50999450683594,222.5,6219749,AMZN
2026-02-06 14:30:00,202.6300048828125,205.38999938964844,200.30999755859375,204.8699951171875,42085668,AMZN
2026-02-06 15:30:00,204.85499572753906,206.1300048828125,203.9940948486328,204.89999389648438,14744158,AMZN
2026-02-06 16:30:00,204.85000610351562,208.10000610351562,204.5200958251953,208.05999755859375,12762552,AMZN
2026-02-06 17:30:00,208.05999755859375,211.25999450683594,207.0,207.25999450683594,14473150,AMZN
2026-02-06 18:30:00,207.24000549316406,207.8699951171875,205.75999450683594,207.39999389648438,8127785,AMZN
2026-02-06 19:30:00,207.39999389648438,208.36500549316406,205.31500244140625,207.7899932861328,8930164,AMZN
2026-02-06 20:30:00,207.7899932861328,211.43170166015625,207.61000061035156,210.31500244140625,9300250,AMZN
2026-02-09 14:30:00,209.0,209.01499938964844,203.35000610351562,207.14999389648438,19373178,AMZN
2026-02-09 15:30:00,207.1300048828125,210.1699981689453,207.02499389648438,209.6300048828125,9000722,AMZN
2026-02-09 16:30:00,209.6199951171875,212.80999755859375,209.3800048828125,210.31500244140625,9396953,AMZN
2026-02-09 17:30:00,210.31500244140625,211.5,209.47999572753906,210.44000244140625,5791855,AMZN
2026-02-09 18:30:00,210.4499969482422,210.75999450683594,209.04989624023438,209.19000244140625,4334925,AMZN
2026-02-09 19:30:00,209.19749450683594,209.60879516601562,208.46499633789062,209.03500366210938,5903395,AMZN
2026-02-09 20:30:00,209.03500366210938,209.52999877929688,208.60499572753906,208.64999389648438,4812539,AMZN
2026-02-10 14:30:00,208.7449951171875,212.24000549316406,206.41099548339844,211.80499267578125,13722439,AMZN
2026-02-10 15:30:00,211.8000030517578,212.64990234375,209.84010314941406,210.08740234375,6390167,AMZN
2026-02-10 16:30:00,210.05999755859375,210.6300048828125,209.39999389648438,209.9949951171875,3619860,AMZN
2026-02-10 17:30:00,209.99000549316406,210.4499969482422,207.72999572753906,207.75999450683594,4261726,AMZN
2026-02-10 18:30:00,207.75,208.7899932861328,207.43499755859375,208.2550048828125,3710639,AMZN
2026-02-10 19:30:00,208.25999450683594,208.32000732421875,207.39999389648438,207.71800231933594,3879423,AMZN
2026-02-10 20:30:00,207.7100067138672,207.88999938964844,206.8800048828125,206.99000549316406,23218376,AMZN
2026-02-11 14:30:00,208.07000732421875,208.57000732421875,204.1750030517578,204.96189880371094,12699466,AMZN
2026-02-11 15:30:00,204.97999572753906,206.49000549316406,204.22999572753906,204.3800048828125,5959170,AMZN
2026-02-11 16:30:00,204.38999938964844,204.56100463867188,202.49000549316406,203.4492950439453,6586227,AMZN
2026-02-11 17:30:00,203.4499969482422,204.35000610351562,203.1199951171875,204.27890014648438,3681263,AMZN
2026-02-11 18:30:00,204.27999877929688,205.17999267578125,204.1699981689453,205.11500549316406,3612248,AMZN
2026-02-11 19:30:00,205.1300048828125,205.27999877929688,203.72000122070312,203.88499450683594,3478856,AMZN
2026-02-11 20:30:00,203.88999938964844,204.6300048828125,203.8350067138672,204.00999450683594,23511317,AMZN
2026-02-12 14:30:00,203.6199951171875,203.8800048828125,201.14999389648438,202.31500244140625,12065018,AMZN
2026-02-12 15:30:00,202.32000732421875,202.49000549316406,197.55999755859375,197.77000427246094,12310730,AMZN
2026-02-12 16:30:00,197.77999877929688,199.652099609375,197.67999267578125,199.5,6961155,AMZN
2026-02-12 17:30:00,199.49249267578125,200.08999633789062,199.08999633789062,199.3350067138672,4579910,AMZN
2026-02-12 18:30:00,199.36000061035156,200.047607421875,198.86000061035156,199.1199951171875,4038952,AMZN
2026-02-12 19:30:00,199.08999633789062,199.44000244140625,198.30999755859375,198.375,4616130,AMZN
2026-02-12 20:30:00,198.3699951171875,199.69000244140625,198.21249389648438,199.4499969482422,4420352,AMZN
2026-02-13 14:30:00,198.99000549316406,199.52999877929688,197.27499389648438,198.75100708007812,10601421,AMZN
2026-02-13 15:30:00,198.75,199.92999267578125,197.2899932861328,199.8800048828125,8676438,AMZN
2026-02-13 16:30:00,199.83999633789062,201.16000366210938,199.58999633789062,200.82510375976562,4767971,AMZN
2026-02-13 17:30:00,200.85040283203125,201.1425018310547,199.5800018310547,200.08999633789062,3612484,AMZN
2026-02-13 18:30:00,200.10000610351562,200.2899932861328,199.44000244140625,199.58999633789062,2807696,AMZN
2026-02-13 19:30:00,199.61000061035156,199.97000122070312,198.1300048828125,198.32000732421875,4133886,AMZN
2026-02-13 20:30:00,198.3000030517578,199.07000732421875,197.8800048828125,198.77000427246094,4384504,AMZN
2026-02-17 14:30:00,198.125,200.3800048828125,196.0,198.9550018310547,14830016,AMZN
2026-02-17 15:30:00,198.94000244140625,201.7362060546875,198.04339599609375,201.0800018310547,6876168,AMZN
2026-02-17 16:30:00,201.05999755859375,201.6699981689453,199.63999938964844,200.47000122070312,4553283,AMZN
2026-02-17 17:30:00,200.49000549316406,200.5399932861328,198.93499755859375,200.3249969482422,4176586,AMZN
2026-02-17 18:30:00,200.29100036621094,201.5500030517578,200.11000061035156,200.90499877929688,3939140,AMZN
2026-02-17 19:30:00,200.90420532226562,201.4600067138672,200.47999572753906,200.58999633789062,3232740,AMZN
2026-02-17 20:30:00,200.55999755859375,201.27999877929688,200.30999755859375,201.2100067138672,3372373,AMZN
